{
    "connect-btn": {
        "ref": "connect-btn",
        "textureId": "little-button",
        "position": [760, 900],
        "nbFrame": 3,
        "audio": "click",
        "text": {
            "text": "Connect",
            "color": [150, 150, 150, 255],
            "size": 40,
            "position": [120, 30]
        },
        "scene": 4,
        "callback-type": "connect"
    },
    "name-input": {
        "ref": "name-input",
        "textureId": "input-box",
        "position": [660, 300],
        "nbFrame": 3,
        "audio": "",
        "text": {
            "text": "",
            "color": [150, 150, 150, 255],
            "size": 60,
            "position": [15, 40]
        },
        "scene": 4,
        "callback-type": "name-input"
    },
    "ip-input": {
        "ref": "ip-input",
        "textureId": "input-box",
        "position": [660, 500],
        "nbFrame": 3,
        "audio": "",
        "text": {
            "text": "",
            "color": [150, 150, 150, 255],
            "size": 60,
            "position": [15, 40]
        },
        "scene": 4,
        "callback-type": "ip-input"
    },
    "port-input": {
        "ref": "port-input",
        "textureId": "input-box",
        "position": [660, 700],
        "nbFrame": 3,
        "audio": "",
        "text": {
            "text": "",
            "color": [150, 150, 150, 255],
            "size": 60,
            "position": [15, 40]
        },
        "scene": 4,
        "callback-type": "port-input"
    },
    "rooms-btn": {
        "ref": "rooms-btn",
        "textureId": "long-button",
        "position": [920, 300],
        "nbFrame": 3,
        "audio": "click",
        "text": {
            "text": "Rooms",
            "color": [150, 150, 150, 255],
            "size": 40,
            "position": [200, 30]
        },
        "scene": 5,
        "callback-type": "see-rooms"
    },
    "maps-btn": {
        "ref": "maps-btn",
        "textureId": "long-button",
        "position": [920, 450],
        "nbFrame": 3,
        "audio": "click",
        "text": {
            "text": "Maps",
            "color": [150, 150, 150, 255],
            "size": 40,
            "position": [200, 30]
        },
        "scene": 5,
        "callback-type": "no-callback"
    },
    "options-btn": {
        "ref": "options-btn",
        "textureId": "long-button",
        "position": [920, 600],
        "nbFrame": 3,
        "audio": "click",
        "text": {
            "text": "Options",
            "color": [150, 150, 150, 255],
            "size": 40,
            "position": [200, 30]
        },
        "scene": 5,
        "callback-type": "no-callback"
    },
    "exit-btn": {
        "ref": "exit-btn",
        "textureId": "long-button",
        "position": [920, 750],
        "nbFrame": 3,
        "audio": "click",
        "text": {
            "text": "Exit",
            "color": [150, 150, 150, 255],
            "size": 40,
            "position": [200, 30]
        },
        "scene": 5,
        "callback-type": "exit"
    },
    "back-to-connexion-btn": {
        "ref": "back-to-connexion-btn",
        "textureId": "back-button",
        "position": [100, 950],
        "nbFrame": 3,
        "audio": "click",
        "scene": 5,
        "callback-type": "back-to-connexion"
    },
    "play-btn": {
        "ref": "play-btn",
        "textureId": "long-button",
        "position": [920, 800],
        "nbFrame": 3,
        "audio": "click",
        "text": {
            "text": "Play",
            "color": [150, 150, 150, 255],
            "size": 40,
            "position": [200, 30]
        },
        "scene": 10,
        "callback-type": "start-game"
    },
    "back-to-main-menu-btn": {
        "ref": "back-to-main-menu-btn",
        "textureId": "back-button",
        "position": [100, 950],
        "nbFrame": 3,
        "audio": "click",
        "scene": 6,
        "callback-type": "back-to-main-menu"
    },
    "room-one-btn": {
        "ref": "room-one-btn",
        "textureId": "lobby-button",
        "position": [115, 390],
        "nbFrame": 3,
        "audio": "click",
        "text": {
            "text": "Room 1",
            "color": [150, 150, 150, 255],
            "size": 40,
            "position": [20, 30]
        },
        "scene": 6,
        "callback-type": "join-room-one"
    },
    "room-two-btn": {
        "ref": "room-two-btn",
        "textureId": "lobby-button",
        "position": [115, 500],
        "nbFrame": 3,
        "audio": "click",
        "text": {
            "text": "Room 2",
            "color": [150, 150, 150, 255],
            "size": 40,
            "position": [20, 30]
        },
        "scene": 6,
        "callback-type": "join-room-two"
    },
    "room-three-btn": {
        "ref": "room-three-btn",
        "textureId": "lobby-button",
        "position": [115, 610],
        "nbFrame": 3,
        "audio": "click",
        "text": {
            "text": "Room 3",
            "color": [150, 150, 150, 255],
            "size": 40,
            "position": [20, 30]
        },
        "scene": 6,
        "callback-type": "join-room-three"
    }
}