{
    "1-parallax-background1-img": {
        "ref": "parallax-background1-img",
        "textureId": "parallax_background",
        "position": [0, 0],
        "sound": "click",
        "velocity": 1,
        "scene": 0,
        "direction": [-1, 0]
    },
    "2-parallax-background2-img": {
        "ref": "parallax-background2-img",
        "textureId": "parallax_background",
        "position": [1930, 0],
        "sound": "click",
        "velocity": 1,
        "scene": 0,
        "direction": [-1, 0]
    },
    "3-parallax-mountain1-img": {
        "ref": "parallax-mountain1-img",
        "textureId": "parallax_mountain",
        "position": [0, 0],
        "sound": "click",
        "velocity": 3,
        "scene": 0,
        "direction": [-1, 0]
    },
    "4-parallax-mountain2-img": {
        "ref": "parallax-mountain2-img",
        "textureId": "parallax_mountain",
        "position": [1930, 0],
        "sound": "click",
        "velocity": 3,
        "scene": 0,
        "direction": [-1, 0]
    },
    "5-parallax-ground1-img": {
        "ref": "parallax-ground1-img",
        "textureId": "parallax_ground",
        "position": [0, 0],
        "sound": "click",
        "velocity": 5,
        "scene": 0,
        "direction": [-1, 0]
    },
    "6-parallax-ground2-img": {
        "ref": "parallax-ground2-img",
        "textureId": "parallax_ground",
        "position": [1930, 0],
        "sound": "click",
        "velocity": 5,
        "scene": 0,
        "direction": [-1, 0]
    },
    "planet-img": {
        "ref": "planet-img",
        "textureId": "planet",
        "position": [100, 250],
        "sound": "click",
        "scene": 5
    },
    "r-type-logo-img": {
        "ref": "r-type-logo-img",
        "textureId": "r-type-logo",
        "position": [575, 30],
        "sound": "click",
        "scale": 1.1,
        "scene": 4
    },
    "title-scene-main-menu-img": {
        "ref": "title-scene-main-menu-img",
        "textureId": "title-background",
        "position": [0, 60],
        "sound": "click",
        "scene": 5
    },
    "title-scene-rooms-img": {
        "ref": "title-scene-rooms-img",
        "textureId": "title-background",
        "position": [0, 60],
        "sound": "click",
        "scene": 6
    },
    "title-scene-in-room-img": {
        "ref": "title-scene-in-room-img",
        "textureId": "title-background",
        "position": [0, 60],
        "sound": "click",
        "scene": 10
    },
    "lobbies-img": {
        "ref": "lobbies-img",
        "textureId": "lobbies",
        "position": [100, 375],
        "sound": "click",
        "scene": 6
    },
    "players-img": {
        "ref": "players-img",
        "textureId": "players",
        "position": [1300, 280],
        "sound": "click",
        "scene": 10
    }
}