{
    "nb-players-in-lobby-txt": {
        "ref": "nb-players-in-lobby-txt",
        "text": "Players",
        "color": [150, 150, 150, 255],
        "size": 50,
        "position": [1300, 225],
        "scene": 10
    },
    "name-input-txt": {
        "ref": "name-input-txt",
        "text": "Name",
        "color": [150, 150, 150, 255],
        "size": 50,
        "position": [890, 250],
        "scene": 4
    },
    "ip-input-txt": {
        "ref": "ip-input-txt",
        "text": "IP",
        "color": [150, 150, 150, 255],
        "size": 50,
        "position": [920, 450],
        "scene": 4
    },
    "port-input-txt": {
        "ref": "port-input-txt",
        "text": "Port",
        "color": [150, 150, 150, 255],
        "size": 50,
        "position": [890, 650],
        "scene": 4
    },
    "r-type-title-txt": {
        "ref": "r-type-title-txt",
        "text": "R-TYPE",
        "color": [150, 150, 150, 255],
        "size": 40,
        "position": [100, 100],
        "scene": 5
    },
    "rooms-title-txt": {
        "ref": "rooms-title-txt",
        "text": "ROOMS",
        "color": [150, 150, 150, 255],
        "size": 40,
        "position": [100, 100],
        "scene": 6
    },
    "in-room-title-txt": {
        "ref": "in-room-title-txt",
        "text": "IN ROOM",
        "color": [150, 150, 150, 255],
        "size": 40,
        "position": [100, 100],
        "scene": 10
    }
}